territory,url,page_type,title,h1,word_count,inlinks_contextual,internal_pagerank,cluster_size
policy_administration,https://diceus.com/insurance-software-modernization/,blog_post,Insurance Software Modernization: Legacy PAS Impact,Insurance software modernization: Why legacy policy administration systems are holding insurers back,1347,21,1.327,8
policy_administration,https://diceus.com/insurance-policy-management-software/,blog_post,How to Develop Insurance Policy Management Software | DICEUS,How to build insurance policy management software: 5 key tips,3176,14,1.32,8
policy_administration,https://diceus.com/roi-of-replacing-legacy-policy-systems/,blog_post,ROI of Modernizing a Policy Administration System,The ROI of replacing legacy policy systems – Business case for modern PAS,1368,4,0.194,8
policy_administration,https://diceus.com/modernizing-policy-administration-system/,page_other,White Paper Download: Modernizing policy administration,Modernizing Policy Administration,7,5,2.97,8
policy_administration,https://diceus.com/media/diceus-policy-administration-system-microsoft-marketplace/,media_news,DICEUS PAS Available on the Microsoft Marketplace,DICEUS Policy Administration System is now available on the Microsoft Marketplace,407,16,0.24,8
policy_administration,https://diceus.com/insurance/solutions/policy-administration-system/,insurance_product,Policy Administration System | Ready-Made Insurance Software,Policy Administration System,1737,38,4.028,8
policy_administration,https://diceus.com/insurance/policy-management/,insurance_service,Policy Management Software Development Services for Insurance,Insurance policy management software development services,2680,77,4.029,8
policy_administration,https://diceus.com/insurance/policy-administration/,insurance_service,Insurance Policy Administration Software Development | DICEUS,Insurance policy administration software development services,2202,74,4.029,8
claims,https://diceus.com/guidelines-for-effective-insurance-claims-handling/,blog_post,Insurance Claims Handling: Full Guide 2026 | DICEUS,Guidelines for effective insurance claims handling 2026,2402,7,0.247,10
claims,https://diceus.com/artificial-intelligence-in-insurance-claims-management/,blog_post,"AI in Insurance Claims: Use Cases, Benefits, Implementation Steps",Artificial intelligence in insurance claims management,1932,6,1.303,10
claims,https://diceus.com/media/diceus-attended-insurance-innovators-fraud-claims/,media_news,DICEUS Team attended Insurance Innovators Fraud & Claims,DICEUS Team attended the “Insurance Innovators Fraud & Claims” event in London,460,16,0.198,10
claims,https://diceus.com/media/diceus-established-partnership-with-claim-technology/,media_news,DICEUS Established a Partnership with Claim Technology,DICEUS starts its partnership journey with Claim Technology,577,22,0.257,10
claims,https://diceus.com/media/diceus-among-finalists-claims-excellence-awards-2026/,media_news,DICEUS is Shortlisted for Claims Excellence Awards 2026,DICEUS is among finalists of Claims Excellence Awards 2026,396,17,0.218,10
claims,https://diceus.com/insurance/health-claims-management/,insurance_service,Insurance Claims Management Software Development (Health),Health insurance claims management software development,2217,75,4.029,10
claims,https://diceus.com/insurance/claims-analytics/,insurance_service,Claims analytics and dashboards for insurers | DICEUS,Claims analytics,2176,75,4.028,10
claims,https://diceus.com/insurance/claims-management-development/,insurance_service,Insurance Claims Management Software | DICEUS,Insurance claims management software,2435,86,4.029,10
claims,https://diceus.com/case-studies/claims-management-system/,case_study,Case Study: Claims Management System,BenefitNet insurance solution,958,21,1.384,10
claims,https://diceus.com/case-studies/insis-modernized-claims-api-development/,case_study,Modernized Claims API development for Fadata,INSIS Modernized Claims API development for Fadata,694,41,0.457,10
underwriting,https://diceus.com/ai-in-insurance-underwriting/,blog_post,AI in Insurance Underwriting: Key Benefits for Industry | DICEUS,Benefits of artificial intelligence in insurance underwriting,1842,7,1.312,8
underwriting,https://diceus.com/key-underwriting-challenges/,blog_post,Underwriting Challenges Insurance Industry Faces in 2025,5 key challenges facing underwriters today,1220,2,1.29,8
underwriting,https://diceus.com/ai-powered-underwriting-platform-solving-challenges/,blog_post,AI in Underwriting: Solving Challenges with AI Workbench,AI-powered underwriting platform: Solving underwriting challenges with AI,1249,3,1.294,8
underwriting,https://diceus.com/webinar-recap-how-ai-is-changing-underwriting/,blog_post,Webinar Recording: How AI Is Changing Underwriting,Webinar recap: How AI is changing underwriting,465,3,1.299,8
underwriting,https://diceus.com/insurance/underwriting/,insurance_service,Custom Insurance Underwriting Software Development | DICEUS,Insurance underwriting software development services,1468,76,4.029,8
underwriting,https://diceus.com/insurance/solutions/insurance-underwriting-platform/,insurance_product,Commercial Insurance Underwriting Platform Powered with AI,AI-Powered Underwriting Workbench with Intelligent Decision Support,2624,35,4.028,8
underwriting,https://diceus.com/insurance/solutions/underwriting-workbench-for-health-insurance/,insurance_product,AI-Powered Underwriting Workbench | Health Insurance,AI-Powered Underwriting Workbench for Health Insurance,912,22,4.028,8
underwriting,https://diceus.com/insurance/solutions/underwriting-workbench-for-life-insurance/,insurance_product,AI-Powered Underwriting Workbench | Life Insurance,AI-Powered Underwriting Platform for Life Insurance,1076,24,4.028,8
group_insurance,https://diceus.com/insurance/solutions/group-insurance-management-platform/,insurance_product,Individual and Group Insurance Management Platform | DICEUS,Individual and Group Insurance Management Platform,1731,32,4.028,3
group_insurance,https://diceus.com/insurance/solutions/group-insurance-management-platform/life-and-pensions/,insurance_product,Group Insurance Management Platform | Life & Pensions,Group Insurance Management Platform for Life & Pensions,983,23,4.028,3
group_insurance,https://diceus.com/insurance/solutions/group-insurance-management-platform/health/,insurance_product,Group Health Insurance Management Platform | DICEUS,Group Health Insurance Management Platform,1131,22,4.028,3
broker_distribution,https://diceus.com/how-to-create-custom-insurance-brokerage-software/,blog_post,How to Build Custom Insurance Brokerage Software | DICEUS,How to create custom insurance brokerage software,2184,4,1.291,9
broker_distribution,https://diceus.com/what-is-custom-ams-software/,blog_post,How to Build Insurance Agency Management Software | DICEUS,How to build insurance agency management software: Benefits of custom systems,4037,11,1.311,9
broker_distribution,https://diceus.com/insurance-broker-software/,blog_post,Custom Insurance Broker Software: Features & Benefits | DICEUS,Custom insurance broker software: How to develop and use effectively,4215,13,1.32,9
broker_distribution,https://diceus.com/how-to-gain-competitive-advantage-insurance-digital-channels/,blog_post,Insurance Digital Channels: How Can Reduce the Cost of a Tariff,Insurance digital channels: How to gain a competitive advantage,2116,11,1.313,9
broker_distribution,https://diceus.com/insurance/digital-channels/,insurance_service,Insurance Digital Channels for Omnichannel Customer Experience,Insurance digital channels,1033,85,4.029,9
broker_distribution,https://diceus.com/insurance/agency-management/,insurance_service,Custom Insurance Agency Management Software | DICEUS,Insurance agency management software development services,1898,80,4.029,9
broker_distribution,https://diceus.com/insurance/solutions/broker-web-portal/,insurance_product,Insurance Broker Portal Software - DICEUS,Insurance portal software for brokers,1976,29,4.028,9
broker_distribution,https://diceus.com/case-studies/web-based-lead-generation-platform-for-insurance-brokers/,case_study,Lead Generation Web Platform for Insurance Brokers,Web-based lead generation platform for insurance brokers,690,121,1.325,9
broker_distribution,https://diceus.com/case-studies/insurance-broker-solution/,case_study,Insurance Broker Solution KloonRisk for Klod-Soft,KloonRisk – an insurance broker solution for Kloud-Soft,743,13,1.308,9
alternative_risk,https://diceus.com/how-technology-transforms-captive-insurance-management/,blog_post,Top 5 Captive Insurance Management Technology Trends for 2026,How technology is transforming captive insurance management in 2026,1180,4,0.194,13
alternative_risk,https://diceus.com/why-captive-managers-are-moving-away-from-spreadsheets/,blog_post,Captive Management Software: Stop Using Spreadsheets,Captive management software: Why captive managers are moving away from spreadsheets,1613,6,0.191,13
alternative_risk,https://diceus.com/webinar-automating-financial-operations-alternative-risk/,blog_post,Automating Financial Operations for Alternative Risk Companies,Webinar recap: Beyond Excel – Automating Financial Operations for Alternative Risk Companies,593,7,1.317,13
alternative_risk,https://diceus.com/building-technology-ready-captive-ecosystem/,blog_post,Technology Readiness in Captive Insurance Ecosystems,"Building a technology-ready captive ecosystem: The role of regulators, managers, and service providers",2289,10,0.25,13
alternative_risk,https://diceus.com/media/diceus-joins-vcia-as-a-technology-partner/,media_news,DICEUS and Vermont Captive Insurance Association Partnership,DICEUS joins VCIA as a technology partner,484,22,0.257,13
alternative_risk,https://diceus.com/media/diceus-at-european-captive-forum/,media_news,DICEUS Attended European Captive Forum 2025 in Luxemburg,DICEUS at European Captive Forum 2025,440,15,0.203,13
alternative_risk,https://diceus.com/media/diceus-attended-airmic-captives-forum-london/,media_news,DICEUS Attended The Airmic Captives Forum 2026 in London,DICEUS attended the Airmic Captives Forum in London,530,19,0.206,13
alternative_risk,https://diceus.com/insurance/solutions/captive-insurance/,insurance_product,"Captive Insurance Company: Examples, Benefits, and Software",What is a captive insurance company?,964,0,4.028,13
alternative_risk,https://diceus.com/insurance/solutions/captive-insurance/captive-management-platform/,insurance_product,Captive Management Platform | Insurance Software,Captive Management Platform,1243,25,4.028,13
alternative_risk,https://diceus.com/insurance/solutions/risk-retention-group-management-platform/,insurance_product,Risk Retention Group Management Platform | DICEUS,Risk Retention Group Management Platform,1591,23,4.028,13
alternative_risk,https://diceus.com/insurance/solutions/alternative-risk-platform/,insurance_product,Alternative Risk Solutions: Ready-Made Operating Platform,Alternative Risk Platform,1558,24,4.028,13
alternative_risk,https://diceus.com/insurance/solutions/captive-insurance/captive-owner-portal/,insurance_product,Captive Owner Portal - Your Portfolio in One Place | DICEUS,Captive Owner Portal,1259,25,4.028,13
alternative_risk,https://diceus.com/insurance/solutions/captive-insurance/captive-insurance-software/,insurance_product,Captive Insurance Software - Automate Operations | DICEUS,Captive insurance software for captives and captive managers,2274,27,4.028,13
fraud,https://diceus.com/ai-in-insurance-fraud-detection/,blog_post,AI for Insurance Fraud Detection | DICEUS,Artificial intelligence and fraud detection software in insurance,1745,11,1.319,3
fraud,https://diceus.com/media/diceus-attended-insurance-innovators-fraud-claims/,media_news,DICEUS Team attended Insurance Innovators Fraud & Claims,DICEUS Team attended the “Insurance Innovators Fraud & Claims” event in London,460,16,0.198,3
fraud,https://diceus.com/insurance/fraud-detection-software/,insurance_service,Custom Insurance Fraud Detection Software Development,Insurance fraud detection software development services,1524,76,4.029,3
