cluster,territory,business_layer,queries,suggest_evidence,bofu_share,sample_queries
alt_risk_generic,Alternative Risk,Product/Hub,2,2,1.0,alternative risk program | alternative risk solutions
broker_portal,Distribution,Product,49,56,0.29,what is the best insurance agency management system | what is a broker portal | best accounting software for insurance agency | best accounting software for insurance brokers | best insurance agency management software | broker portal
captive_concepts,Alternative Risk,Content,15,16,0.13,captive insurance managers association of alberta | captive insurance solutions | captive insurance programs | captive insurance explained | captive insurance definition | captive bpo companies in india
captive_manager_ops,Alternative Risk,Solution/Content,22,29,0.18,captive insurance management companies | what is captive management in insurance | captive insurance companies | captive manager of the year | captive manager companies | captive insurance management
captive_mgmt_software,Alternative Risk,Product,1,1,0.0,captive insurance software
claims_self_insured,Claims,Product/Solution,3,3,0.0,claims administration software | what is a claims administrator | what is claims administration
claims_software,Claims,Product,31,43,0.19,claims management software for small business | claims management software | claims management software uk | claims management software insurance | claims management software australia | claims management software examples
core_systems_generic,Core / Platform,Hub/Content,77,113,0.45,insurance software companies | p&c insurance software companies | insurance software companies in india | what is insurtech | top p&c insurance software companies | what is p&c insurance
customer_portal,Distribution / CX,Product,11,11,0.0,insurance customer portal | acorn insurance customer portal | carrot insurance customer portal | genikes insurance customer portal | mercury insurance customer portal | income insurance customer portal
group_benefits_admin,Group Insurance,Product,25,27,0.08,group insurance software for ap employees | group life insurance application form | medical benefits management companies | group insurance software telangana | group insurance software | group insurance solutions
health_claims,Claims,Product/Solution,20,25,0.2,best medical claims processing software | claims processing software healthcare | healthcare claims management software | medical claims management companies | health insurance claims software | health claims management
insurance_analytics,Data & Analytics,Solution/Content,16,23,0.25,what is insurance analytics | insurance data analytics companies | insurance coverage for data centers | insurance data and analytics | insurance data analytics | insurance data analytics courses
insurance_dwh,Data & Analytics,Product,6,6,0.0,data warehouse insurance | insurance data warehouse model | health insurance data warehouse | data warehouse for insurance company | what is data warehouse with example | insurance data platform
insurance_gl,Finance / GL,Product,32,40,0.31,accounting software for insurance companies | best accounting software for insurance companies | what is in the general ledger | best insurance accounting software | best accounting software for insurance agents | accounting vs insurance
insurance_sw_dev_services,Services,Service,48,74,0.23,top insurance software development companies in india | top insurance software development companies | insurance software development companies in india | insurance app development company in bangalore | insurance software development cost | insurance app development company
legacy_modernization,Services,Service/Content,2,2,0.0,insurance core system modernization | insurance core system transformation
loss_runs,Alternative Risk,Feature/Content,4,4,0.0,loss run software | loss run example | loss run report example | what is a loss run request
mga_software,Alternative Risk / Distribution,Product/Solution,14,14,0.07,mga software | mga software solutions | mga software engineering | mga insurance software | mga insurance software pricing | mga productivity software
pas_software,Policy Administration,Product,54,71,0.11,what is a policy administration system | what is policy administration | policy administration system in life insurance | policy administration system in insurance | what is policy administration system | what is policy administration system in insurance
reinsurance_accounting,Reinsurance,Product,13,14,0.08,what is reinsurance accounting | reinsurance accounting | reinsurance accounting manager | reinsurance accounting journal entries | reinsurance accounting entries | reinsurance accounting training
reinsurance_software,Reinsurance,Product,23,29,0.17,reinsurance software vendors | reinsurance software companies | reinsurance fee | what is reinsurance premium | reinsurance software | reinsurance software solutions
uw_software,Underwriting,Product,31,37,0.19,what is soft underwriting | underwriting software for insurance | best insurance underwriting software | what is insurance underwriting | is insurance underwriting hard | what is underwriting with example
uw_workbench,Underwriting,Product,14,15,0.14,underwriting workbench software | underwriting workbench | underwriting workbench meaning | underwriting workbench insurance | underwriting workbench solutions | underwriting workbench guidewire
