title_similarity,path_a,type_a,path_b,type_b
1.0,/services/vendor-portal-software/,generic_service,/services/vendor-portal-development/,generic_service
1.0,/services/mvp-development-services/,generic_service,/services/mvp-development/,generic_service
0.99,/,homepage,/services/custom-software-development/,generic_service
0.92,/services/software-support/,generic_service,/services/application-support-and-maintenance-services/,generic_service
0.89,/services/it-service-management-consulting/,generic_service,/services/it-management-consulting/,generic_service
0.81,/ai-in-insurance-fraud-detection/,blog_post,/insurance/fraud-detection-software/,insurance_service
0.79,/industry/healthcare/hipaa-compliance-consulting-services/,industry_service,/industry/healthcare/hipaa-compliance-services/,industry_service
0.77,/insurance/health-claims-management/,insurance_service,/insurance/claims-management-development/,insurance_service
0.76,/insurance/portal/,insurance_service,/insurance/solutions/customer-portal/,insurance_product
0.75,/services/mobile-application-support-and-maintenance-services/,generic_service,/services/software-support/,generic_service
0.71,/services/mobile-application-support-and-maintenance-services/,generic_service,/services/application-support-and-maintenance-services/,generic_service
0.68,/insurance-policy-management-software/,blog_post,/insurance/policy-management/,insurance_service
0.68,/expertise/generative-ai-consulting/,expertise_service,/expertise/generative-ai-development-services/,expertise_service
0.67,/top-ai-consulting-companies/,blog_post,/top-ai-development-companies/,blog_post
0.67,/insurance/solutions/group-insurance-management-platform/,insurance_product,/insurance/solutions/group-insurance-management-platform/health/,insurance_product
0.66,/enterprise-mobile-application-development-guide/,blog_post,/services/enterprise-mobile-app-development/,generic_service
0.64,/insurance/solutions/underwriting-workbench-for-health-insurance/,insurance_product,/insurance/solutions/underwriting-workbench-for-life-insurance/,insurance_product
0.63,/industry/healthcare/ehr-and-emr-software-development/,industry_service,/industry/healthcare/ehr-emr-integration/,industry_service
0.61,/top-custom-ai-development-companies/,blog_post,/top-ai-development-companies/,blog_post
0.61,/services/it-infrastructure-outsourcing/,generic_service,/services/it-infrastructure-services/,generic_service
0.61,/insurance/solutions/group-insurance-management-platform/,insurance_product,/insurance/solutions/group-insurance-management-platform/life-and-pensions/,insurance_product
0.6,/migrating-asp-to-asp-net-reasons-benefits-business/,blog_post,/how-to-migrate-classic-asp-to-asp-net/,blog_post
0.6,/generative-ai-for-enterprises/,blog_post,/generative-ai-in-customer-service/,blog_post
0.6,/expertise/big-data-consulting-services/,expertise_service,/expertise/big-data-developers/,expertise_service
0.59,/services/it-infrastructure-consulting/,generic_service,/services/it-infrastructure-services/,generic_service
0.59,/insurance/solutions/policy-administration-system/,insurance_product,/insurance/policy-administration/,insurance_service
0.59,/artificial-intelligence-in-insurance-claims-management/,blog_post,/insurance/claims-management-development/,insurance_service
0.58,/industry/healthcare/hipaa-compliance-pre-audit/,industry_service,/industry/healthcare/hipaa-compliance-services/,industry_service
0.57,/what-is-custom-ams-software/,blog_post,/insurance/agency-management/,insurance_service
0.57,/ai-agents-for-finance/,blog_post,/ai-agent-for-insurance/,blog_post
0.56,/services/data-warehouse-services/,generic_service,/industry/healthcare/healthcare-data-warehouse/,industry_service
0.56,/generative-ai-vs-machine-learning/,blog_post,/generative-ai-vs-predictive-ai/,blog_post
0.56,/expertise/artificial-intelligence-consulting/,expertise_service,/expertise/generative-ai-consulting/,expertise_service
0.55,/insurance/solutions/group-insurance-management-platform/life-and-pensions/,insurance_product,/insurance/solutions/group-insurance-management-platform/health/,insurance_product
