legacy_path,wayback_first_seen,group,chain,hops,final_status,final_url
/accounting-software-for-insurance-brokers/,20190820,insurance,301>200,1,200,https://diceus.com/
/all-in-one-insurance-management-system/,20200804,insurance,301>200,1,200,https://diceus.com/case-studies/insurance-management-system/
/case-studies/all-in-one-insurance-management-system/,20200804,insurance,404,0,404,
/case-studies/industry/insurance/,20260308,insurance,200,0,200,
/case-study-insubiz-how-to-successfully-manage-your-insurance-operations/,20200924,insurance,301>200,1,200,https://diceus.com/insurance/
/claims-management-system/,20200424,insurance,301>200,1,200,https://diceus.com/case-studies/claims-management-system/
/cloud-insurance-solution-riskville/,20200424,insurance,301>301>200,2,200,https://diceus.com/case-studies/insurance-management-system/
/comparison-of-12-best-insurance-crm-software-systems/,20190820,insurance,301>200,1,200,https://diceus.com/
/custom-life-insurance-crm-software/,20190718,insurance,410,0,410,
/data-researcher-insurance-tech/,20260705,insurance,404,0,404,
/hot-trends-in-insurance-software-development-next-2-years/,20200804,insurance,301>200,1,200,https://diceus.com/managed-it-services-vs-staff-augmentation/
/how-technology-impacts-insurance-interview/,20221130,insurance,301>200,1,200,https://diceus.com/blog/
/industry-insurance/,20221109,insurance,301>200,1,200,https://diceus.com/insurance/
/industry/insurance/,20201127,insurance,301>200,1,200,https://diceus.com/insurance/
/industry/insurance/agency-management/,20220529,insurance,301>200,1,200,https://diceus.com/insurance/agency-management/
/industry/insurance/automation-software/,20240221,insurance,301>200,1,200,https://diceus.com/insurance/automation-software/
/industry/insurance/claims-analytics/,20240221,insurance,301>200,1,200,https://diceus.com/insurance/claims-analytics/
/industry/insurance/claims-management/,20220529,insurance,301>200,1,200,https://diceus.com/insurance/claims-management-development/
/industry/insurance/contact-management/,20240221,insurance,301>200,1,200,https://diceus.com/insurance/contact-management/
/industry/insurance/customer-experience/,20220529,insurance,301>200,1,200,https://diceus.com/insurance/customer-experience/
/industry/insurance/data-analytics/,20240221,insurance,301>200,1,200,https://diceus.com/insurance/data-analytics/
/industry/insurance/fraud-detection-software/,20240221,insurance,301>200,1,200,https://diceus.com/insurance/fraud-detection-software/
/industry/insurance/health-insurance-claims-management-software-development-services/,20240221,insurance,301>200,1,200,https://diceus.com/insurance/health-claims-management/
/industry/insurance/insurance-app-development-services/,20211026,insurance,301>200,1,200,https://diceus.com/insurance/app-development/
/industry/insurance/insurance-underwriting-software-development-services/,20240221,insurance,301>200,1,200,https://diceus.com/insurance/underwriting/
/industry/insurance/it-solutions-and-services-for-insurance/,20231108,insurance,301>200,1,200,https://diceus.com/insurance/
/industry/insurance/policy-administration/,20240221,insurance,301>200,1,200,https://diceus.com/insurance/policy-administration/
/industry/insurance/policy-management/,20220529,insurance,301>200,1,200,https://diceus.com/insurance/policy-management/
/industry/insurance/portal/,20240221,insurance,301>200,1,200,https://diceus.com/insurance/portal/
/industry/insurance/property-casualty/,20240221,insurance,301>200,1,200,https://diceus.com/insurance/property-casualty/
/industry/insurance/risk-management/,20220529,insurance,301>200,1,200,https://diceus.com/insurance/risk-management-development/
/insurance-agency-management-software/,20190718,insurance,301>200,1,200,https://diceus.com/what-is-custom-ams-software/
/insurance-billing-software/,20190718,insurance,301>200,1,200,https://diceus.com/insurance/
/insurance-business-consultant/,20220807,insurance,404,0,404,
/insurance-development-insights-on-the-industry-and-software/,20200924,insurance,410,0,410,
/insurance-digital-channels/,20221130,insurance,301>200,1,200,https://diceus.com/insurance/digital-channels/
/insurance-product-development/,20191117,insurance,301>200,1,200,https://diceus.com/life-insurance-product-development-process/
/insurance-software-houses/,20200804,insurance,410,0,410,
/insurance-software-vendors/,20200926,insurance,410,0,410,
/insurance/solutions/vitaminise-chatbot/,20240413,insurance,301>200,1,200,https://diceus.com/insurance/solutions/chatbot/
/insurance/solutions/vitaminise-customer-feedback-tool/,20240413,insurance,301>200,1,200,https://diceus.com/insurance/solutions/super-app/
/insurance/solutions/vitaminise-data-analytics/,20240525,insurance,301>200,1,200,https://diceus.com/insurance/solutions/insurance-data-warehouse/
/insurance/solutions/vitaminise-mobile-app/,20240413,insurance,301>200,1,200,https://diceus.com/insurance/solutions/super-app/
/insurance/solutions/vitaminise-mobile-app/car-insurance/,20251109,insurance,301>200,1,200,https://diceus.com/insurance/solutions/super-app/car-insurance/
/insurance/solutions/vitaminise-mobile-app/health-insurance/,20251019,insurance,301>200,1,200,https://diceus.com/insurance/solutions/super-app/health-insurance/
/insurance/solutions/vitaminise-mobile-app/life-insurance/,20251109,insurance,301>200,1,200,https://diceus.com/insurance/solutions/super-app/life-insurance/
/insurance/solutions/vitaminise-web-portal/,20240413,insurance,301>200,1,200,https://diceus.com/insurance/solutions/customer-portal/
/outbound-research-data-specialist-insurance-tech/,20260518,insurance,301>404,1,404,https://diceus.com/?p=153152
/senior-java-developer-insurance/,20220807,insurance,404,0,404,
/senior-project-manager-insurance-part-time/,20260612,insurance,404,0,404,
/services/insurance-testing-and-qa/,20230424,insurance,301>200,1,200,https://diceus.com/insurance/testing-and-qa/
/software-used-by-insurance-companies-why-you-should-care-about-millennials/,20190820,insurance,301>200,1,200,https://diceus.com/
/solutions/vitaminise/,20240221,insurance,301>200,1,200,https://diceus.com/insurance/solutions/
/solutions/vitaminise/vitaminise-chatbot/,20240221,insurance,301>301>200,2,200,https://diceus.com/insurance/solutions/chatbot/
/solutions/vitaminise/vitaminise-customer-feedback-tool/,20240221,insurance,301>301>200,2,200,https://diceus.com/insurance/solutions/super-app/
/solutions/vitaminise/vitaminise-mobile-app/,20240221,insurance,301>301>200,2,200,https://diceus.com/insurance/solutions/super-app/
/solutions/vitaminise/vitaminise-web-portal/,20240221,insurance,301>301>200,2,200,https://diceus.com/insurance/solutions/customer-portal/
/tech-insurance-company/,20201001,insurance,301>200,1,200,https://diceus.com/insurance/
/company/,20130115,section,301>200,1,200,https://diceus.com/about/
/company/about/,20130115,section,301>404,1,404,https://diceus.com/about/about/
/company/about-team/,20130115,section,301>404,1,404,https://diceus.com/about/about-team/
/company/career/,20130115,section,301>404,1,404,https://diceus.com/about/career/
/company/discover-ukraine/,20130115,section,301>404,1,404,https://diceus.com/about/discover-ukraine/
/company/our-approach/,20130115,section,301>404,1,404,https://diceus.com/about/our-approach/
/industry/banking/online-banking/,20200922,section,301>200,1,200,https://diceus.com/industry/banking/
/industry/finance/payments/,20201127,section,301>200,1,200,https://diceus.com/industry/finance/payment-software-development-services/
/services/2d-graphics/,20130115,section,404,0,404,
/services/front_end_development_services/,20210916,section,301>200,1,200,https://diceus.com/services/front-end-development-services/
/services/java-development/,20130115,section,404,0,404,
/services/mobile-development/,20130115,section,404,0,404,
/services/net-development/,20130115,section,404,0,404,
/services/solutions-testing/,20130115,section,404,0,404,
/services/web-development/,20130115,section,404,0,404,
/solutions/services/net-development/,20120504,section,301>404,1,404,https://diceus.com/insurance/solutions/services/net-development/
/solutions/services/web-development/,20120504,section,301>404,1,404,https://diceus.com/insurance/solutions/services/web-development/
/case-studies/service/dedicated-team/,20260308,case,200,0,200,
/case-studies/expertise/big-data/,20260308,case,200,0,200,
/case-studies/a-football-manager-mobile-game/0/,20210518,case,404,0,404,
/case-studies/service/software-audit/,20260308,case,200,0,200,
/case-studies/industry/automotive/,20260308,case,200,0,200,
/case-studies/expertise/robotics-process-automation/,20260308,case,200,0,200,
/case-studies/expertise/oracle/,20260308,case,200,0,200,
/case-studies/expertise/blockchain/,20260308,case,200,0,200,
/case-studies/expertise/bi-and-reporting/,20260308,case,200,0,200,
/case-studies/service/legacy-application-modernization/,20260308,case,200,0,200,
/case-studies/industry/software-product/,20260308,case,200,0,200,
/case-studies/expertise/artificial-intelligence/,20260308,case,200,0,200,
/case-studies/service/automated-testing/,20260308,case,200,0,200,
/case-studies/industry/logistics/,20260308,case,200,0,200,
/case-studies/aggregted-reports/,20201021,case,301>200,1,200,https://diceus.com/case-studies/aggregated-reports/
/case-studies/service/ui-ux-design/,20260308,case,200,0,200,
/case-studies/service/mobile-app-development/,20260308,case,200,0,200,
/case-studies/expertise/iot/,20260308,case,200,0,200,
/case-studies/service/software-support/,20260308,case,200,0,200,
/case-studies/industry/retail/,20260308,case,200,0,200,
/case-studies/service/data-migration/,20260308,case,200,0,200,
/case-studies/expertise/embedded-solutions/,20260308,case,200,0,200,
/case-studies/industry/human-resource/,20260308,case,200,0,200,
/case-studies/music-event-platform/,20200804,case,301>200,1,200,https://diceus.com/case-studies/
/case-studies/industry/real-estate/,20260308,case,200,0,200,
/case-studies/industry/banking/,20260308,case,200,0,200,
/case-studies/service/team-extension/,20260308,case,200,0,200,
/case-studies/industry/healthcare/,20260308,case,200,0,200,
/case-studies/.net-application/,20231004,case,200,0,200,
/case-studies/industry/government/,20260308,case,200,0,200,
/digital-transformation-technologies-2022/,20210802,root_post,301>200,1,200,https://diceus.com/managed-it-services-vs-staff-augmentation/
/senior-java-developer/,20210117,root_post,301>200,1,200,https://diceus.com/careers/
/offshore-software-development-benefits/,20190718,root_post,301>301>200,2,200,https://diceus.com/blog/
/manual-qa-engineer/,20200927,root_post,301>200,1,200,https://diceus.com/careers/
/digital-marketing/,20220807,root_post,404,0,404,
/healthcare/,20190820,root_post,301>200,1,200,https://diceus.com/industry/healthcare/
/net-team-lead/,20200927,root_post,404,0,404,
/custom-dashboard-software/,20200804,root_post,301>200,1,200,https://diceus.com/services/custom-software-development/
/crm-improve-customer-engagement/,20190718,root_post,301>200,1,200,https://diceus.com/crm-development/
/python-vs-java-for-big-data/,20190718,root_post,301>200,1,200,https://diceus.com/dedicated-development-team-for-your-advantage/
/crm-software-sales-management/,20200806,root_post,301>200,1,200,https://diceus.com/crm-development/
/personal-assistant-to-ceo/,20210916,root_post,301>200,1,200,https://diceus.com/careers/
/open-banking-monitor/,20201001,root_post,410,0,410,
/java-outsourcing-companies/,20180915,root_post,301>404,1,404,https://diceus.com/java/
/benefits-of-crm-for-sales/,20210227,root_post,410,0,410,
/software-companies-in-dallas/,20191117,root_post,301>200,1,200,https://diceus.com/
/design/,20190820,root_post,301>200,1,200,https://diceus.com/services/
/python-developers/,20190718,root_post,410,0,410,
/cloud-management-platform/,20200525,root_post,301>200,1,200,https://diceus.com/case-studies/cloud-management-platform/
/mid-spring/,20230528,root_post,404,0,404,
/php-developer-salary-guide/,20200924,root_post,301>200,1,200,https://diceus.com/dedicated-development-team-for-your-advantage/
/finance/,20190820,root_post,301>200,1,200,https://diceus.com/industry/finance/
/case-riskville/,20200413,root_post,301>200,1,200,https://diceus.com/case-studies/insurance-management-system/
/benefits-of-offshore-software-development/,20210227,root_post,301>200,1,200,https://diceus.com/services/offshore-software-development-company/
/how-to-make-a-software-product-ultimate-guide/,20190820,root_post,301>200,1,200,https://diceus.com/services/custom-software-development/
/medical-errors-check-platform/,20200424,root_post,301>200,1,200,https://diceus.com/case-studies/medical-error-reporting-system/
/cloud-mania-undeniable-benefits-iaas/,20190920,root_post,301>200,1,200,https://diceus.com/cloud-migration-project-plan-11-steps/
/how-we-guarantee-quality/,20210117,root_post,301>200,1,200,https://diceus.com/about/
/custom-crm-developers-how-not-to-flub-cooperation-up/,20200924,root_post,410,0,410,
/wearables-cloud-based-technology/,20190718,root_post,410,0,410,
/why-you-should-open-outsourcing-centers-in-ukraine-nowadays/,20190718,root_post,301>200,1,200,https://diceus.com/services/software-development-outsourcing/
/service-operation/,20191214,root_post,301>200,1,200,https://diceus.com/services/devops-services/
/poc-or-mvp/,20191117,root_post,410,0,410,
/ecommerce-store-secured/,20201001,root_post,410,0,410,
/product-ui-ux-designer/,20210117,root_post,404,0,404,
/outsourcing-trends-2018-will-boost-company/,20200928,root_post,301>200,1,200,https://diceus.com/services/software-development-outsourcing/
/gdpr-compliance-top-agenda-2018/,20200924,root_post,301>301>200,2,200,https://diceus.com/
/junior-assistant-accountant/,20260212,root_post,404,0,404,
/certified-software-quality-engineer-middle/,20240221,root_post,404,0,404,
/enterprise-software-trends/,20201001,root_post,410,0,410,
/industry-finance/,20220407,root_post,301>200,1,200,https://diceus.com/industry/finance/
/edw-for-ofsaa-oracle-financial-services/,20200920,root_post,404,0,404,
/software-companies-in-orlando/,20200920,root_post,301>200,1,200,https://diceus.com/
/python-django-developer-salary/,20200924,root_post,301>200,1,200,https://diceus.com/dedicated-development-team-for-your-advantage/
/junior-sales-executive/,20251114,root_post,404,0,404,
/hire-net-developers-ukraine/,20210227,root_post,410,0,410,
/mobile-application-development.html/,20170929,root_post,404,0,404,
/blockchain-powered-retail-banking/,20191214,root_post,301>200,1,200,https://diceus.com/blog/
/how-to-refine-your-website/,20200924,root_post,301>200,1,200,https://diceus.com/services/website-development/
/automation-quality-assurance-engineer/,20210916,root_post,301>200,1,200,https://diceus.com/careers/
/middle-senior-mobile-developer-ios-swift/,20210916,root_post,404,0,404,
/flexcube-devops-engineer-role/,20200927,root_post,404,0,404,
/diceus-is-among-fastest-growing-500-software-developers/,20221223,root_post,301>200,1,200,https://diceus.com/media/diceus-is-among-fastest-growing-500-software-developers/
/automotive/,20190820,root_post,301>200,1,200,https://diceus.com/case-studies/online-car-auction-system/
/customer-churn-prediction-software/,20210620,root_post,410,0,410,
/smart-chatbots-banks/,20200924,root_post,410,0,410,
/software-engineer-consultant-rates/,20200926,root_post,410,0,410,
/markup-developer/,20210413,root_post,404,0,404,
/senior-qa-automation/,20210413,root_post,404,0,404,
/ways-the-blockchain-will-augment-banking-security/,20201001,root_post,410,0,410,
/digital-marketing-intern/,20251114,root_post,404,0,404,
/teambase/,20190820,root_post,301>301>200,2,200,https://diceus.com/case-studies/hrm-solution/
/mobile-centric-bank-why-its-so-important/,20200926,root_post,410,0,410,
/intern-recruiter/,20251114,root_post,404,0,404,
/flexcube-automation-qa-engineer/,20200927,root_post,404,0,404,
/senior-react-developer/,20200920,root_post,404,0,404,
/social-media-marketing-increase-ecommerce-sales/,20190920,root_post,301>200,1,200,https://diceus.com/enterprise-mobile-application-development-guide/
/migration-core-banking-oracle-flexcube/,20201124,root_post,410,0,410,
/telehealth-solutions-advanced-patient-experience/,20220217,root_post,410,0,410,
/top-advantages-net-development-2018/,20200924,root_post,301>404,1,404,https://diceus.com/net-development/
/diceus-is-a-global-b2b-leader-development/,20221208,root_post,301>200,1,200,https://diceus.com/media/diceus-is-a-global-b2b-leader-development/
/travel/,20190820,root_post,301>200,1,200,https://diceus.com/industry/
/derp-accounting-software/,20200924,root_post,301>200,1,200,https://diceus.com/blog/
/programmers-salary-country-expertise-php/,20181002,root_post,410,0,410,
/marketing/,20190820,root_post,301>200,1,200,https://diceus.com/blog/?category=marketing
/junior-qa-manual-content-manager/,20211026,root_post,301>301>200,2,200,https://diceus.com/careers/
/diceus-first-webinar/,20200715,root_post,410,0,410,
/project-initiation-execution-checklists/,20210227,root_post,200,0,200,
/mid-adf/,20230528,root_post,404,0,404,
/head-of-recruitment/,20221022,root_post,301>301>404,2,404,https://diceus.com/404/
/senior-vue-js-developer-4/,20251216,root_post,404,0,404,
/meteor-vs-angular/,20200924,root_post,301>200,1,200,https://diceus.com/blog/
/flexcube-data-engineer-pl-sql/,20200927,root_post,404,0,404,
/erp-in-operations-management/,20190820,root_post,301>200,1,200,https://diceus.com/erp-software-development/
/dashboard-software-open-source/,20190123,root_post,301>200,1,200,https://diceus.com/custom-software-engineering/
/case-data-aggregation-hub-for-treasury/,20200413,root_post,301>200,1,200,https://diceus.com/case-studies/data-aggregation-hub-treasury/
/is-angular-developer-cost-so-important/,20190820,root_post,301>200,1,200,https://diceus.com/custom-software-engineering/
/insights-chatbots-reports/,20190920,root_post,410,0,410,
/top-tips-successfully-start-outsourcing-europe/,20200926,root_post,410,0,410,
/python-developer-salary/,20180316,root_post,301>200,1,200,https://diceus.com/dedicated-development-team-for-your-advantage/
