url_a,url_b,cosine
https://diceus.com/media/,https://diceus.com/media/page/8/,0.984
https://diceus.com/media/,https://diceus.com/media/page/10/,0.983
https://diceus.com/media/,https://diceus.com/media/page/3/,0.983
https://diceus.com/media/,https://diceus.com/media/page/11/,0.982
https://diceus.com/media/page/11/,https://diceus.com/media/page/10/,0.98
https://diceus.com/media/page/10/,https://diceus.com/media/page/8/,0.979
https://diceus.com/media/page/3/,https://diceus.com/media/page/8/,0.978
https://diceus.com/media/page/11/,https://diceus.com/media/page/8/,0.978
https://diceus.com/media/,https://diceus.com/media/page/7/,0.978
https://diceus.com/media/page/3/,https://diceus.com/media/page/10/,0.977
https://diceus.com/media/,https://diceus.com/media/page/5/,0.976
https://diceus.com/media/page/11/,https://diceus.com/media/page/3/,0.976
https://diceus.com/media/,https://diceus.com/media/page/4/,0.975
https://diceus.com/media/,https://diceus.com/media/page/2/,0.974
https://diceus.com/media/page/10/,https://diceus.com/media/page/7/,0.974
https://diceus.com/media/page/11/,https://diceus.com/media/page/7/,0.973
https://diceus.com/media/page/8/,https://diceus.com/media/page/7/,0.973
https://diceus.com/media/page/3/,https://diceus.com/media/page/7/,0.973
https://diceus.com/media/page/8/,https://diceus.com/media/page/5/,0.972
https://diceus.com/media/,https://diceus.com/media/page/6/,0.972
https://diceus.com/media/page/10/,https://diceus.com/media/page/5/,0.971
https://diceus.com/media/page/3/,https://diceus.com/media/page/5/,0.971
https://diceus.com/media/page/4/,https://diceus.com/media/page/8/,0.971
https://diceus.com/media/page/3/,https://diceus.com/media/page/4/,0.971
https://diceus.com/media/page/10/,https://diceus.com/media/page/4/,0.971
https://diceus.com/media/page/11/,https://diceus.com/media/page/4/,0.97
https://diceus.com/media/page/11/,https://diceus.com/media/page/5/,0.97
https://diceus.com/media/page/2/,https://diceus.com/media/page/8/,0.969
https://diceus.com/media/page/2/,https://diceus.com/media/page/10/,0.969
https://diceus.com/media/page/2/,https://diceus.com/media/page/11/,0.969
https://diceus.com/media/page/10/,https://diceus.com/media/page/6/,0.968
https://diceus.com/media/page/2/,https://diceus.com/media/page/3/,0.968
https://diceus.com/media/page/8/,https://diceus.com/media/page/6/,0.968
https://diceus.com/media/page/3/,https://diceus.com/media/page/6/,0.967
https://diceus.com/media/page/5/,https://diceus.com/media/page/7/,0.967
https://diceus.com/media/page/2/,https://diceus.com/media/page/4/,0.966
https://diceus.com/media/page/11/,https://diceus.com/media/page/6/,0.966
https://diceus.com/media/page/4/,https://diceus.com/media/page/7/,0.966
https://diceus.com/media/page/2/,https://diceus.com/media/page/7/,0.965
https://diceus.com/media/page/4/,https://diceus.com/media/page/5/,0.964
https://diceus.com/media/page/5/,https://diceus.com/media/page/6/,0.964
https://diceus.com/media/page/2/,https://diceus.com/media/page/5/,0.962
https://diceus.com/media/page/7/,https://diceus.com/media/page/6/,0.962
https://diceus.com/media/page/4/,https://diceus.com/media/page/6/,0.961
https://diceus.com/case-studies/service/automated-testing/page/2/,https://diceus.com/case-studies/service/manual-testing/page/4/,0.961
https://diceus.com/media/,https://diceus.com/media/page/9/,0.959
https://diceus.com/media/page/2/,https://diceus.com/media/page/6/,0.958
https://diceus.com/media/page/10/,https://diceus.com/media/page/9/,0.954
https://diceus.com/media/page/9/,https://diceus.com/media/page/8/,0.953
https://diceus.com/media/page/11/,https://diceus.com/media/page/9/,0.952
https://diceus.com/media/page/3/,https://diceus.com/media/page/9/,0.952
https://diceus.com/case-studies/service/staff-augmentation/,https://diceus.com/case-studies/service/team-extension/,0.948
https://diceus.com/media/page/9/,https://diceus.com/media/page/5/,0.947
https://diceus.com/media/page/9/,https://diceus.com/media/page/7/,0.947
https://diceus.com/media/page/9/,https://diceus.com/media/page/4/,0.945
https://diceus.com/media/page/2/,https://diceus.com/media/page/9/,0.943
https://diceus.com/media/page/9/,https://diceus.com/media/page/6/,0.942
https://diceus.com/case-studies/expertise/robotics-process-automation/,https://diceus.com/case-studies/service/system-integration/page/4/,0.885
https://diceus.com/case-studies/industry/banking/page/2/,https://diceus.com/case-studies/industry/financial/page/2/,0.882
https://diceus.com/case-studies/service/system-integration/page/4/,https://diceus.com/case-studies/industry/banking/page/2/,0.877
https://diceus.com/case-studies/service/software-architecture/page/6/,https://diceus.com/case-studies/service/ui-ux-design/page/5/,0.866
https://diceus.com/case-studies/country/switzerland/,https://diceus.com/case-studies/industry/compliance/,0.861
https://diceus.com/case-studies/industry/oil-and-energy/,https://diceus.com/case-studies/industry/project-management/,0.855
https://diceus.com/case-studies/country/faroe-islands/,https://diceus.com/case-studies/country/switzerland/,0.849
https://diceus.com/case-studies/country/estonia/,https://diceus.com/case-studies/industry/education/,0.844
https://diceus.com/case-studies/country/ireland/,https://diceus.com/case-studies/expertise/iot/,0.844
https://diceus.com/case-studies/expertise/robotics-process-automation/,https://diceus.com/case-studies/industry/banking/page/2/,0.842
https://diceus.com/case-studies/country/faroe-islands/,https://diceus.com/case-studies/country/spain/,0.839
https://diceus.com/case-studies/service/software-architecture/page/2/,https://diceus.com/case-studies/page/3/,0.838
https://diceus.com/case-studies/service/system-integration/page/4/,https://diceus.com/case-studies/industry/financial/page/2/,0.837
https://diceus.com/case-studies/country/canada/,https://diceus.com/case-studies/country/faroe-islands/,0.831
https://diceus.com/case-studies/country/estonia/,https://diceus.com/case-studies/service/staff-augmentation/,0.826
https://diceus.com/case-studies/country/spain/,https://diceus.com/case-studies/country/switzerland/,0.825
https://diceus.com/case-studies/industry/telecommunications/,https://diceus.com/case-studies/service/automated-testing/page/2/,0.824
https://diceus.com/case-studies/service/software-architecture/page/6/,https://diceus.com/case-studies/industry/financial/page/2/,0.824
https://diceus.com/case-studies/country/estonia/,https://diceus.com/case-studies/service/team-extension/,0.823
https://diceus.com/case-studies/country/faroe-islands/,https://diceus.com/case-studies/country/mexico/,0.821
https://diceus.com/case-studies/country/faroe-islands/,https://diceus.com/case-studies/country/sweden/,0.821
https://diceus.com/case-studies/service/automated-testing/page/2/,https://diceus.com/case-studies/industry/software-product/page/2/,0.817
https://diceus.com/case-studies/country/mexico/,https://diceus.com/case-studies/industry/social-media/,0.817
https://diceus.com/case-studies/country/faroe-islands/,https://diceus.com/case-studies/industry/compliance/,0.816
https://diceus.com/case-studies/country/canada/,https://diceus.com/case-studies/country/switzerland/,0.816
https://diceus.com/case-studies/service/manual-testing/page/4/,https://diceus.com/case-studies/industry/software-product/page/2/,0.815
https://diceus.com/case-studies/country/faroe-islands/,https://diceus.com/case-studies/country/japan/,0.813
https://diceus.com/case-studies/country/faroe-islands/,https://diceus.com/case-studies/country/georgia/,0.813
https://diceus.com/case-studies/country/georgia/,https://diceus.com/case-studies/industry/automotive/,0.812
https://diceus.com/case-studies/country/estonia/,https://diceus.com/case-studies/country/faroe-islands/,0.812
https://diceus.com/case-studies/service/staff-augmentation/,https://diceus.com/case-studies/industry/education/,0.812
https://diceus.com/case-studies/service/team-extension/,https://diceus.com/case-studies/industry/education/,0.809
https://diceus.com/case-studies/industry/telecommunications/,https://diceus.com/case-studies/service/manual-testing/page/4/,0.807
https://diceus.com/case-studies/country/mexico/,https://diceus.com/case-studies/country/switzerland/,0.807
https://diceus.com/case-studies/country/canada/,https://diceus.com/case-studies/country/spain/,0.807
https://diceus.com/case-studies/country/sweden/,https://diceus.com/case-studies/country/switzerland/,0.806
https://diceus.com/case-studies/service/software-architecture/page/6/,https://diceus.com/case-studies/industry/banking/page/2/,0.804
https://diceus.com/case-studies/expertise/robotics-process-automation/,https://diceus.com/case-studies/industry/financial/page/2/,0.803
https://diceus.com/case-studies/country/austria/,https://diceus.com/case-studies/industry/retail/,0.802
https://diceus.com/case-studies/country/united-states-of-america/page/2/,https://diceus.com/case-studies/service/automated-testing/page/2/,0.8
